municipio;codigo_tse;codigo_ibge;lider_governador;lider_presidente;douglas_lula;margem_governador_votos;margem_governador_pp;margem_presidente_votos;margem_presidente_pp;douglas_votos;douglas_pct;paes_votos;paes_pct;garotinho_votos;garotinho_pct;siri_votos;siri_pct;lula_votos;lula_pct;flavio_votos;flavio_pct;paes_menos_lula_pp;douglas_menos_flavio_pp;governador_apuracao_pct;governador_eleitorado;governador_comparecimento;governador_abstencoes;governador_abstencao_pct;governador_brancos;governador_nulos;governador_brancos_pct;governador_nulos_pct;governador_validos;governador_base_percentual;governador_subjudice;governador_url;governador_data;governador_hora;presidente_apuracao_pct;presidente_eleitorado;presidente_comparecimento;presidente_abstencoes;presidente_abstencao_pct;presidente_brancos;presidente_nulos;presidente_brancos_pct;presidente_nulos_pct;presidente_validos;presidente_base_percentual;presidente_subjudice;presidente_url;presidente_data;presidente_hora;regiao_imediata;regiao_intermediaria
Angra dos Reis;58017;3300100;DOUGLAS RUAS;FLAVIO BOLSONARO;False;28819;31.689428427000003;30943;30.633903909999997;56855;62.517868532;28036;30.828440105;2209;2.429020695;2065;2.270678015;31859;31.540753794;62802;62.174657704;-0.7123136890000019;0.3432108280000037;100.0;136830;105144;31686;23.157202368;7077;7125;6.730769231;6.776420908;88733;90942;2209;https://resultados.tse.jus.br/oficial/ele2026/6259/dados/rj/rj58017-c0003-e006259-u.json;04/10/2026;22:19:52;100.0;137071;105351;31720;23.141291739;1918;2424;1.820580725;2.300879916;101009;101009;0;https://resultados.tse.jus.br/oficial/ele2026/6257/dados/rj/rj58017-c0001-e006257-u.json;05/10/2026;12:51:05;Angra dos Reis;Rio de Janeiro
Aperibé;58181;3300159;DOUGLAS RUAS;FLAVIO BOLSONARO;False;2667;36.006480357;2271;28.487205218;4764;64.317537465;2097;28.311057108;378;5.10328068;80;1.080059403;2646;33.191169092;4917;61.67837431;-4.880111984000003;2.6391631549999985;100.0;10135;8277;1858;18.3325111;331;539;3.999033466;6.512021264;7029;7407;378;https://resultados.tse.jus.br/oficial/ele2026/6259/dados/rj/rj58181-c0003-e006259-u.json;04/10/2026;22:19:52;100.0;10135;8277;1858;18.3325111;116;189;1.401473964;2.283436028;7972;7972;0;https://resultados.tse.jus.br/oficial/ele2026/6257/dados/rj/rj58181-c0001-e006257-u.json;05/10/2026;12:51:05;Santo Antônio de Pádua;Campos dos Goytacazes
Araruama;58033;3300209;DOUGLAS RUAS;FLAVIO BOLSONARO;False;29446;38.918333092;29964;36.45388517799999;49862;65.901851681;20416;26.983518589;2793;3.691465881;1182;1.562231533;23451;28.53023833;53415;64.984123508;-1.5467197410000004;0.9177281730000004;100.0;111249;85926;25323;22.762451797;4714;5551;5.48611596;6.460209948;72868;75661;2793;https://resultados.tse.jus.br/oficial/ele2026/6259/dados/rj/rj58033-c0003-e006259-u.json;04/10/2026;22:19:52;100.0;111370;86031;25339;22.752087636;1655;2179;1.923725169;2.532807941;82197;82197;0;https://resultados.tse.jus.br/oficial/ele2026/6257/dados/rj/rj58033-c0001-e006257-u.json;05/10/2026;12:51:05;Cabo Frio;Macaé - Rio das Ostras - Cabo Frio
Areal;58220;3300225;DOUGLAS RUAS;FLAVIO BOLSONARO;False;1639;22.971268395000003;1892;24.123422160000004;4214;59.060967064;2575;36.089698669;77;1.079187106;117;1.639803784;2663;33.953844192;4555;58.077266352;2.1358544770000023;0.983700712000001;100.0;10270;8231;2039;19.853943525;501;595;6.086745231;7.228769287;7058;7135;77;https://resultados.tse.jus.br/oficial/ele2026/6259/dados/rj/rj58220-c0003-e006259-u.json;04/10/2026;22:19:52;100.0;10270;8231;2039;19.853943525;157;231;1.907423156;2.80646337;7843;7843;0;https://resultados.tse.jus.br/oficial/ele2026/6257/dados/rj/rj58220-c0001-e006257-u.json;05/10/2026;12:51:05;Petrópolis;Petrópolis
Armação dos Búzios;58408;3300233;DOUGLAS RUAS;FLAVIO BOLSONARO;False;7229;28.333463981;9069;33.176031607;15436;60.500117583;8207;32.166653602;833;3.264874187;436;1.708865721;8225;30.088527948;17294;63.264559555;2.0781256539999973;-2.764441972;100.0;36235;28169;8066;22.260245619;1331;1324;4.725052363;4.70020235;24681;25514;833;https://resultados.tse.jus.br/oficial/ele2026/6259/dados/rj/rj58408-c0003-e006259-u.json;04/10/2026;22:19:52;100.0;36236;28170;8066;22.259631306;384;450;1.36315229;1.597444089;27336;27336;0;https://resultados.tse.jus.br/oficial/ele2026/6257/dados/rj/rj58408-c0001-e006257-u.json;05/10/2026;12:51:05;Cabo Frio;Macaé - Rio das Ostras - Cabo Frio
Arraial do Cabo;59277;3300258;DOUGLAS RUAS;FLAVIO BOLSONARO;False;4238;17.194092827;7307;27.641384529;13634;55.314832846;9396;38.120740019;710;2.88055826;454;1.841934437;8652;32.729336107;15959;60.370720636;5.391403912000001;-5.05588779;100.0;35242;27352;7890;22.388059701;1307;1397;4.778443989;5.107487569;23938;24648;710;https://resultados.tse.jus.br/oficial/ele2026/6259/dados/rj/rj59277-c0003-e006259-u.json;04/10/2026;22:19:52;100.0;35242;27352;7890;22.388059701;418;499;1.528224627;1.824363849;26435;26435;0;https://resultados.tse.jus.br/oficial/ele2026/6257/dados/rj/rj59277-c0001-e006257-u.json;05/10/2026;12:51:05;Cabo Frio;Macaé - Rio das Ostras - Cabo Frio
Barra Mansa;58076;3300407;DOUGLAS RUAS;FLAVIO BOLSONARO;False;16394;18.343347543;12554;12.556008962;49511;55.398162756;33117;37.054815213;2518;2.817405704;2146;2.401172614;39813;39.819371099;52367;52.375380061;-2.7645558860000037;3.0227826949999965;100.0;133743;105116;28627;21.404484721;7168;8575;6.819133148;8.157654401;86855;89373;2518;https://resultados.tse.jus.br/oficial/ele2026/6259/dados/rj/rj58076-c0003-e006259-u.json;04/10/2026;22:19:52;100.0;133855;105213;28642;21.397781181;2232;2997;2.121410852;2.848507314;99984;99984;0;https://resultados.tse.jus.br/oficial/ele2026/6257/dados/rj/rj58076-c0001-e006257-u.json;05/10/2026;12:51:05;Volta Redonda - Barra Mansa;Volta Redonda - Barra Mansa
Barra do Piraí;58050;3300308;DOUGLAS RUAS;FLAVIO BOLSONARO;False;2025;4.480187614999998;2559;5.074159264000002;21938;48.536472046;19913;44.056284431;1276;2.823071307;1085;2.400495586;21967;43.557661802;24526;48.631821066;0.4986226290000033;-0.09534902000000045;100.0;69309;52804;16505;23.813646135;3675;3930;6.959700023;7.442617983;43923;45199;1276;https://resultados.tse.jus.br/oficial/ele2026/6259/dados/rj/rj58050-c0003-e006259-u.json;04/10/2026;22:19:52;100.0;69309;52804;16505;23.813646135;1115;1257;2.111582456;2.380501477;50432;50432;0;https://resultados.tse.jus.br/oficial/ele2026/6257/dados/rj/rj58050-c0001-e006257-u.json;05/10/2026;12:51:05;Volta Redonda - Barra Mansa;Volta Redonda - Barra Mansa
Belford Roxo;58041;3300456;DOUGLAS RUAS;FLAVIO BOLSONARO;False;53617;23.788755391000002;52893;20.932551853;130293;57.808312776;76676;34.019557385;9760;4.330310398;4521;2.005874315;91783;36.323377513;144676;57.255929366;-2.303820127999998;0.5523834100000045;100.0;346129;267105;79024;22.830794299;18763;22954;7.024578349;8.59362423;215628;225388;9760;https://resultados.tse.jus.br/oficial/ele2026/6259/dados/rj/rj58041-c0003-e006259-u.json;04/10/2026;22:19:52;100.0;346172;267145;79027;22.828824977;6212;8250;2.325328941;3.088210522;252683;252683;0;https://resultados.tse.jus.br/oficial/ele2026/6257/dados/rj/rj58041-c0001-e006257-u.json;05/10/2026;12:51:05;Rio de Janeiro;Rio de Janeiro
Bom Jardim;58092;3300506;DOUGLAS RUAS;FLAVIO BOLSONARO;False;3766;25.083255628000003;3658;21.776401952999997;8948;59.597708805;5182;34.514453177;306;2.038097775;250;1.665112562;5896;35.099416597;9554;56.87581855;-0.5849634200000011;2.7218902550000053;100.0;22628;17795;4833;21.358493901;970;1811;5.450969373;10.177016016;14708;15014;306;https://resultados.tse.jus.br/oficial/ele2026/6259/dados/rj/rj58092-c0003-e006259-u.json;04/10/2026;22:19:52;100.0;22628;17795;4833;21.358493901;363;634;2.039898848;3.562798539;16798;16798;0;https://resultados.tse.jus.br/oficial/ele2026/6257/dados/rj/rj58092-c0001-e006257-u.json;05/10/2026;12:51:05;Nova Friburgo;Petrópolis
Bom Jesus do Itabapoana;58114;3300605;DOUGLAS RUAS;FLAVIO BOLSONARO;False;4726;23.796576031999997;4013;18.404879839000003;11382;57.311178248;6656;33.514602216;1175;5.916414904;324;1.63141994;8216;37.68115942;12229;56.086039259;-4.166557204;1.2251389889999942;100.0;28469;22576;5893;20.699708455;1074;1642;4.757264352;7.273210489;18685;19860;1175;https://resultados.tse.jus.br/oficial/ele2026/6259/dados/rj/rj58114-c0003-e006259-u.json;04/10/2026;22:19:52;100.0;28472;22578;5894;20.701039618;308;466;1.364159802;2.063956063;21804;21804;0;https://resultados.tse.jus.br/oficial/ele2026/6257/dados/rj/rj58114-c0001-e006257-u.json;05/10/2026;12:51:05;Itaperuna;Campos dos Goytacazes
Cabo Frio;58130;3300704;DOUGLAS RUAS;FLAVIO BOLSONARO;False;42417;34.496023161;43269;32.786003304000005;77723;63.208958865;35306;28.712935704;5184;4.215936631;2242;1.823327532;39944;30.266567657;83213;63.052570961;-1.553631953;0.1563879039999989;100.0;179136;136878;42258;23.589898178;6487;7429;4.739256856;5.427460951;117778;122962;5184;https://resultados.tse.jus.br/oficial/ele2026/6259/dados/rj/rj58130-c0003-e006259-u.json;04/10/2026;22:19:52;100.0;179682;137352;42330;23.558286306;2238;3140;1.62939018;2.286097035;131974;131974;0;https://resultados.tse.jus.br/oficial/ele2026/6257/dados/rj/rj58130-c0001-e006257-u.json;05/10/2026;12:51:05;Cabo Frio;Macaé - Rio das Ostras - Cabo Frio
Cachoeiras de Macacu;58157;3300803;DOUGLAS RUAS;FLAVIO BOLSONARO;False;9727;30.283312577999997;8874;25.448080067;19976;62.191780822;10249;31.908468244;687;2.138854296;709;2.207347447;11917;34.174528978;20791;59.622609045;-2.2660607339999963;2.569171777000001;100.0;46722;36497;10225;21.884765207;1905;2472;5.219607091;6.773159438;31433;32120;687;https://resultados.tse.jus.br/oficial/ele2026/6259/dados/rj/rj58157-c0003-e006259-u.json;04/10/2026;22:19:52;100.0;46722;36497;10225;21.884765207;709;917;1.942625421;2.512535277;34871;34871;0;https://resultados.tse.jus.br/oficial/ele2026/6257/dados/rj/rj58157-c0001-e006257-u.json;05/10/2026;12:51:05;Rio Bonito;Rio de Janeiro
Cambuci;58173;3300902;DOUGLAS RUAS;FLAVIO BOLSONARO;False;1910;21.269487751;683;7.099792100000002;5066;56.414253898;3156;35.144766147;601;6.692650334;94;1.046770601;4249;44.168399168;4932;51.268191268;-9.023633021000002;5.146062629999996;100.0;12296;9936;2360;19.193233572;319;637;3.210547504;6.411030596;8379;8980;601;https://resultados.tse.jus.br/oficial/ele2026/6259/dados/rj/rj58173-c0003-e006259-u.json;04/10/2026;22:19:52;100.0;12296;9936;2360;19.193233572;120;196;1.207729469;1.972624799;9620;9620;0;https://resultados.tse.jus.br/oficial/ele2026/6257/dados/rj/rj58173-c0001-e006257-u.json;05/10/2026;12:51:05;Santo Antônio de Pádua;Campos dos Goytacazes
Campos dos Goytacazes;58190;3301009;DOUGLAS RUAS;FLAVIO BOLSONARO;False;46438;19.000351874;69754;25.629399921;118137;48.336374721;71699;29.336022847;43421;17.76593046;5655;2.313772984;91105;33.474302259;160859;59.10370218;-4.138279411999999;-10.767327459;100.0;370142;290165;79977;21.607112946;21779;23980;7.505729499;8.264263436;200985;244406;43421;https://resultados.tse.jus.br/oficial/ele2026/6259/dados/rj/rj58190-c0003-e006259-u.json;04/10/2026;22:19:52;100.0;370466;290458;80008;21.596583762;7954;10340;2.738433784;3.559895062;272164;272164;0;https://resultados.tse.jus.br/oficial/ele2026/6257/dados/rj/rj58190-c0001-e006257-u.json;05/10/2026;12:51:05;Campos dos Goytacazes;Campos dos Goytacazes
Cantagalo;58211;3301108;DOUGLAS RUAS;FLAVIO BOLSONARO;False;1992;19.131771033;1580;13.607785720999999;5756;55.2823665;3764;36.150595467;531;5.099884748;162;1.555897042;4618;39.772629403;6198;53.380415124;-3.622033936000001;1.9019513759999995;100.0;15148;12210;2938;19.39529971;730;1068;5.978705979;8.746928747;9881;10412;531;https://resultados.tse.jus.br/oficial/ele2026/6259/dados/rj/rj58211-c0003-e006259-u.json;04/10/2026;22:19:52;100.0;15148;12210;2938;19.39529971;215;384;1.760851761;3.144963145;11611;11611;0;https://resultados.tse.jus.br/oficial/ele2026/6257/dados/rj/rj58211-c0001-e006257-u.json;05/10/2026;12:51:05;Nova Friburgo;Petrópolis
Carapebus;58300;3300936;DOUGLAS RUAS;FLAVIO BOLSONARO;False;2725;27.746665308999994;2228;21.040702615999997;6037;61.470318705;3312;33.723653396;246;2.504836575;90;0.916403625;3896;36.792898291;6124;57.833600907;-3.069244894999997;3.6367177979999994;100.0;13468;10972;2496;18.532818533;460;691;4.192489974;6.29784907;9575;9821;246;https://resultados.tse.jus.br/oficial/ele2026/6259/dados/rj/rj58300-c0003-e006259-u.json;04/10/2026;22:19:52;100.0;13468;10972;2496;18.532818533;171;212;1.558512577;1.932191032;10589;10589;0;https://resultados.tse.jus.br/oficial/ele2026/6257/dados/rj/rj58300-c0001-e006257-u.json;05/10/2026;12:51:05;Macaé - Rio das Ostras;Macaé - Rio das Ostras - Cabo Frio
Cardoso Moreira;58068;3301157;EDUARDO PAES;FLAVIO BOLSONARO;False;506;5.530659089000004;2941;30.354009702000003;3822;41.775057383;4328;47.305716472;783;8.558312384;88;0.961853755;3073;31.716379399;6014;62.070389101;15.589337073;-20.295331718000007;100.0;12616;10038;2578;20.434369055;343;546;3.417015342;5.439330544;8366;9149;783;https://resultados.tse.jus.br/oficial/ele2026/6259/dados/rj/rj58068-c0003-e006259-u.json;04/10/2026;22:19:52;100.0;12616;10038;2578;20.434369055;142;207;1.414624427;2.062163778;9689;9689;0;https://resultados.tse.jus.br/oficial/ele2026/6257/dados/rj/rj58068-c0001-e006257-u.json;05/10/2026;12:51:05;Campos dos Goytacazes;Campos dos Goytacazes
Carmo;58238;3301207;EDUARDO PAES;FLAVIO BOLSONARO;False;117;1.1588748019999997;548;4.86678508;4741;46.959191759;4858;48.118066561;134;1.32725832;189;1.872028526;4920;43.694493783;5468;48.561278863;4.4235727780000005;-1.6020871039999989;100.0;14237;11760;2477;17.3983283;575;1089;4.889455782;9.260204082;9962;10096;134;https://resultados.tse.jus.br/oficial/ele2026/6259/dados/rj/rj58238-c0003-e006259-u.json;04/10/2026;22:19:52;100.0;14237;11760;2477;17.3983283;141;359;1.198979592;3.052721088;11260;11260;0;https://resultados.tse.jus.br/oficial/ele2026/6257/dados/rj/rj58238-c0001-e006257-u.json;05/10/2026;12:51:05;Nova Friburgo;Petrópolis
Casimiro de Abreu;58254;3301306;DOUGLAS RUAS;FLAVIO BOLSONARO;False;10129;40.65912010199999;10013;37.420584498;16708;67.06807964;6579;26.408959538;678;2.721579961;527;2.115446371;7582;28.33545108;17595;65.756035578;-1.9264915419999973;1.3120440619999982;100.0;35993;27742;8251;22.92390187;1188;1642;4.282315623;5.918823445;24234;24912;678;https://resultados.tse.jus.br/oficial/ele2026/6259/dados/rj/rj58254-c0003-e006259-u.json;04/10/2026;22:19:52;100.0;35993;27742;8251;22.92390187;391;593;1.409415327;2.137553168;26758;26758;0;https://resultados.tse.jus.br/oficial/ele2026/6257/dados/rj/rj58254-c0001-e006257-u.json;05/10/2026;12:51:05;Macaé - Rio das Ostras;Macaé - Rio das Ostras - Cabo Frio
Comendador Levy Gasparian;58165;3300951;EDUARDO PAES;LULA;False;1126;19.310581376000002;576;8.808686344000002;2194;37.626479163;3320;56.937060539;142;2.435259818;70;1.200480192;3289;50.298210736;2713;41.489524392;6.638849802999999;-3.863045229000001;100.0;8032;6819;1213;15.102091633;410;578;6.01261182;8.476316175;5689;5831;142;https://resultados.tse.jus.br/oficial/ele2026/6259/dados/rj/rj58165-c0003-e006259-u.json;04/10/2026;22:19:52;100.0;8033;6820;1213;15.100211627;125;156;1.832844575;2.287390029;6539;6539;0;https://resultados.tse.jus.br/oficial/ele2026/6257/dados/rj/rj58165-c0001-e006257-u.json;05/10/2026;12:51:05;Três Rios - Paraíba do Sul;Petrópolis
Conceição de Macabu;58270;3301405;EDUARDO PAES;LULA;False;178;1.5409921219999987;54;0.41977612000000164;5217;45.164920786;5395;46.705912908;571;4.943294953;191;1.65353649;6013;46.742848259;5959;46.323072139;-0.036935350999996786;-1.1581513529999938;100.0;16680;13500;3180;19.064748201;864;1085;6.4;8.037037037;10980;11551;571;https://resultados.tse.jus.br/oficial/ele2026/6259/dados/rj/rj58270-c0003-e006259-u.json;04/10/2026;22:19:52;100.0;16681;13501;3180;19.063605299;289;348;2.140582179;2.577586845;12864;12864;0;https://resultados.tse.jus.br/oficial/ele2026/6257/dados/rj/rj58270-c0001-e006257-u.json;05/10/2026;12:51:05;Macaé - Rio das Ostras;Macaé - Rio das Ostras - Cabo Frio
Cordeiro;58297;3301504;DOUGLAS RUAS;FLAVIO BOLSONARO;False;2282;18.797364085999995;1906;14.127937142999997;6793;55.955518946;4511;37.15815486;395;3.253706755;260;2.141680395;5304;39.315098955;7210;53.443036098;-2.156944095;2.5124828479999977;100.0;16926;14174;2752;16.259009807;767;1267;5.411316495;8.938902215;11745;12140;395;https://resultados.tse.jus.br/oficial/ele2026/6259/dados/rj/rj58297-c0003-e006259-u.json;04/10/2026;22:19:52;100.0;16926;14174;2752;16.259009807;244;439;1.721461832;3.097220262;13491;13491;0;https://resultados.tse.jus.br/oficial/ele2026/6257/dados/rj/rj58297-c0001-e006257-u.json;05/10/2026;12:51:05;Nova Friburgo;Petrópolis
Duas Barras;58319;3301603;DOUGLAS RUAS;FLAVIO BOLSONARO;False;222;3.200692042;670;8.578745198;3351;48.313148789;3129;45.112456747;236;3.402537486;103;1.485005767;3249;41.600512164;3919;50.179257362;3.511944583000002;-1.8661085729999982;100.0;10314;8229;2085;20.215241419;417;876;5.067444404;10.645278892;6700;6936;236;https://resultados.tse.jus.br/oficial/ele2026/6259/dados/rj/rj58319-c0003-e006259-u.json;04/10/2026;22:19:52;100.0;10314;8229;2085;20.215241419;142;277;1.725604569;3.366144124;7810;7810;0;https://resultados.tse.jus.br/oficial/ele2026/6257/dados/rj/rj58319-c0001-e006257-u.json;05/10/2026;12:51:05;Nova Friburgo;Petrópolis
Duque de Caxias;58335;3301702;DOUGLAS RUAS;FLAVIO BOLSONARO;False;30129;6.809967790999998;91164;18.55015607;218265;49.333785387;188136;42.523817596;16624;3.757473018;10932;2.470927276;183125;37.262486621;274289;55.812642691;5.261330975;-6.478857304000002;100.0;634424;520376;114048;17.976621313;33827;44124;6.500491952;8.479253463;425801;442425;16624;https://resultados.tse.jus.br/oficial/ele2026/6259/dados/rj/rj58335-c0003-e006259-u.json;04/10/2026;22:19:52;100.0;634694;520622;114072;17.972755375;11784;17392;2.263446416;3.34061949;491446;491446;0;https://resultados.tse.jus.br/oficial/ele2026/6257/dados/rj/rj58335-c0001-e006257-u.json;05/10/2026;12:51:05;Rio de Janeiro;Rio de Janeiro
Engenheiro Paulo de Frontin;58351;3301801;DOUGLAS RUAS;FLAVIO BOLSONARO;False;934;11.692538808000002;850;9.644842846000003;4029;50.438157236;3095;38.745618428;363;4.544316475;209;2.616424637;3652;41.438783615;4502;51.083626461;-2.693165186999998;-0.6454692249999994;100.0;11116;9203;1913;17.209427852;515;700;5.596001304;7.606215365;7625;7988;363;https://resultados.tse.jus.br/oficial/ele2026/6259/dados/rj/rj58351-c0003-e006259-u.json;04/10/2026;22:19:52;100.0;11116;9203;1913;17.209427852;148;242;1.608171249;2.629577312;8813;8813;0;https://resultados.tse.jus.br/oficial/ele2026/6257/dados/rj/rj58351-c0001-e006257-u.json;05/10/2026;12:51:05;Volta Redonda - Barra Mansa;Volta Redonda - Barra Mansa
Guapimirim;58106;3301850;DOUGLAS RUAS;FLAVIO BOLSONARO;False;8241;26.452461963000005;8219;24.336728651;18713;60.06612313;10472;33.613661167;916;2.940232394;472;1.515054247;11616;34.395357101;19835;58.732085752;-0.7816959340000054;1.3340373779999979;100.0;44941;35197;9744;21.68176053;1819;2224;5.168054096;6.318720345;30238;31154;916;https://resultados.tse.jus.br/oficial/ele2026/6259/dados/rj/rj58106-c0003-e006259-u.json;04/10/2026;22:19:52;100.0;44941;35197;9744;21.68176053;673;752;1.912094781;2.136545728;33772;33772;0;https://resultados.tse.jus.br/oficial/ele2026/6257/dados/rj/rj58106-c0001-e006257-u.json;05/10/2026;12:51:05;Rio de Janeiro;Rio de Janeiro
Iguaba Grande;58262;3301876;DOUGLAS RUAS;FLAVIO BOLSONARO;False;7304;32.515692472;8744;36.627152012;13965;62.168899969;6661;29.653207497;985;4.384988648;421;1.874193118;6773;28.370963013;15517;64.998115025;1.2822444839999996;-2.8292150560000024;100.0;30569;24735;5834;19.084693644;1006;1266;4.067111381;5.118253487;21478;22463;985;https://resultados.tse.jus.br/oficial/ele2026/6259/dados/rj/rj58262-c0003-e006259-u.json;04/10/2026;22:19:52;100.0;30569;24735;5834;19.084693644;377;485;1.524156054;1.960784314;23873;23873;0;https://resultados.tse.jus.br/oficial/ele2026/6257/dados/rj/rj58262-c0001-e006257-u.json;05/10/2026;12:51:05;Cabo Frio;Macaé - Rio das Ostras - Cabo Frio
Itaboraí;58378;3301900;DOUGLAS RUAS;FLAVIO BOLSONARO;False;30825;25.683219463;22116;16.90605961;71168;59.296783869;40343;33.613564406;4473;3.726878854;2008;1.673054491;49680;37.976715564;71796;54.882775174;-4.363151158000001;4.414008695;100.0;177799;137526;40273;22.650858554;7940;9566;5.773453747;6.955775635;115547;120020;4473;https://resultados.tse.jus.br/oficial/ele2026/6259/dados/rj/rj58378-c0003-e006259-u.json;04/10/2026;22:19:52;100.0;177920;137637;40283;22.64107464;3203;3617;2.327135872;2.627927084;130817;130817;0;https://resultados.tse.jus.br/oficial/ele2026/6257/dados/rj/rj58378-c0001-e006257-u.json;05/10/2026;12:51:05;Rio de Janeiro;Rio de Janeiro
Itaguaí;58394;3302007;DOUGLAS RUAS;FLAVIO BOLSONARO;False;11413;16.63072305;20250;26.882791031000004;37840;55.13945152;26427;38.50872847;1827;2.662256288;1266;1.844781861;24715;32.81028051;44965;59.693071541;5.698447960000003;-4.553620021;100.0;100476;78776;21700;21.597197341;4944;5206;6.276023154;6.60861176;66799;68626;1827;https://resultados.tse.jus.br/oficial/ele2026/6259/dados/rj/rj58394-c0003-e006259-u.json;04/10/2026;22:19:52;100.0;100542;78836;21706;21.588987687;1646;1863;2.087878634;2.363133594;75327;75327;0;https://resultados.tse.jus.br/oficial/ele2026/6257/dados/rj/rj58394-c0001-e006257-u.json;05/10/2026;12:51:05;Rio de Janeiro;Rio de Janeiro
Italva;59293;3302056;DOUGLAS RUAS;FLAVIO BOLSONARO;False;3398;41.118102613;3480;39.335367922;5476;66.263310745;2078;25.145208132;536;6.485963214;76;0.9196515;2457;27.772126144;5937;67.107494066;-2.626918012000001;-0.8441833210000027;100.0;11648;9165;2483;21.316964286;395;506;4.309874523;5.521003819;7728;8264;536;https://resultados.tse.jus.br/oficial/ele2026/6259/dados/rj/rj59293-c0003-e006259-u.json;04/10/2026;22:19:52;100.0;11648;9165;2483;21.316964286;131;187;1.429350791;2.040370977;8847;8847;0;https://resultados.tse.jus.br/oficial/ele2026/6257/dados/rj/rj59293-c0001-e006257-u.json;05/10/2026;12:51:05;Campos dos Goytacazes;Campos dos Goytacazes
Itaocara;58416;3302106;DOUGLAS RUAS;FLAVIO BOLSONARO;False;4684;33.814611608;5448;36.492732266000004;8659;62.510828761;3975;28.696217153;797;5.753681779;263;1.898642795;4313;28.890079711;9761;65.382811977;-0.1938625579999993;-2.871983216000004;100.0;19120;15625;3495;18.279288703;732;1041;4.6848;6.6624;13055;13852;797;https://resultados.tse.jus.br/oficial/ele2026/6259/dados/rj/rj58416-c0003-e006259-u.json;04/10/2026;22:19:52;100.0;19120;15625;3495;18.279288703;275;421;1.76;2.6944;14929;14929;0;https://resultados.tse.jus.br/oficial/ele2026/6257/dados/rj/rj58416-c0001-e006257-u.json;05/10/2026;12:51:05;Santo Antônio de Pádua;Campos dos Goytacazes
Itaperuna;58432;3302205;DOUGLAS RUAS;FLAVIO BOLSONARO;False;19024;36.51789999100001;18907;33.599303383000006;33740;64.766292351;14716;28.24839236;2009;3.856416163;769;1.476149343;17011;30.229954507;35918;63.82925789;-1.9815621469999982;0.9370344610000032;100.0;76037;58153;17884;23.520128359;2877;3181;4.947294207;5.470053136;50086;52095;2009;https://resultados.tse.jus.br/oficial/ele2026/6259/dados/rj/rj58432-c0003-e006259-u.json;04/10/2026;22:19:52;100.0;76037;58153;17884;23.520128359;886;995;1.523567142;1.711003732;56272;56272;0;https://resultados.tse.jus.br/oficial/ele2026/6257/dados/rj/rj58432-c0001-e006257-u.json;05/10/2026;12:51:05;Itaperuna;Campos dos Goytacazes
Itatiaia;58440;3302254;DOUGLAS RUAS;FLAVIO BOLSONARO;False;4223;23.033707865000004;4106;20.464513556;10715;58.443329333;6492;35.409621468;260;1.41813025;408;2.225373623;7164;35.705741627;11270;56.170255183;-0.29612015900000443;2.2730741499999993;100.0;26584;20766;5818;21.885344568;1177;1255;5.667918713;6.043532698;18074;18334;260;https://resultados.tse.jus.br/oficial/ele2026/6259/dados/rj/rj58440-c0003-e006259-u.json;04/10/2026;22:19:52;100.0;26584;20766;5818;21.885344568;334;368;1.608398343;1.772127516;20064;20064;0;https://resultados.tse.jus.br/oficial/ele2026/6257/dados/rj/rj58440-c0001-e006257-u.json;05/10/2026;12:51:05;Resende;Volta Redonda - Barra Mansa
Japeri;58149;3302270;DOUGLAS RUAS;FLAVIO BOLSONARO;False;6733;13.322384693000004;8623;15.197391610000004;26535;52.504006807;19802;39.181622114;2408;4.764637211;897;1.774866934;22217;39.155798379;30840;54.353189989;0.025823735000003012;-1.8491831819999973;100.0;76652;59933;16719;21.811563951;4394;5000;7.331520198;8.342649292;48131;50539;2408;https://resultados.tse.jus.br/oficial/ele2026/6259/dados/rj/rj58149-c0003-e006259-u.json;04/10/2026;22:19:52;100.0;76652;59933;16719;21.811563951;1466;1727;2.446064772;2.881551065;56740;56740;0;https://resultados.tse.jus.br/oficial/ele2026/6257/dados/rj/rj58149-c0001-e006257-u.json;05/10/2026;12:51:05;Rio de Janeiro;Rio de Janeiro
Laje do Muriaé;58459;3302304;EDUARDO PAES;LULA;False;567;11.946902654999995;633;11.822936122000002;1900;40.0337126;2467;51.980615255;232;4.888327012;94;1.980615255;2843;53.100485618;2210;41.277549496;-1.119870363000004;-1.2438368959999977;100.0;6943;5592;1351;19.458447357;342;504;6.115879828;9.012875536;4514;4746;232;https://resultados.tse.jus.br/oficial/ele2026/6259/dados/rj/rj58459-c0003-e006259-u.json;04/10/2026;22:19:52;100.0;6944;5593;1351;19.455645161;83;156;1.483997854;2.789200787;5354;5354;0;https://resultados.tse.jus.br/oficial/ele2026/6257/dados/rj/rj58459-c0001-e006257-u.json;05/10/2026;12:51:05;Itaperuna;Campos dos Goytacazes
Macaé;58475;3302403;DOUGLAS RUAS;FLAVIO BOLSONARO;False;13448;10.919927569000002;16128;11.684755046;63568;51.617932457;50120;40.698004888;3001;2.436845823;3074;2.496122646;55742;40.385144828;71870;52.069899874;0.31286005999999844;-0.45196741699999876;100.0;185779;144037;41742;22.468632084;10702;10184;7.430035338;7.070405521;120150;123151;3001;https://resultados.tse.jus.br/oficial/ele2026/6259/dados/rj/rj58475-c0003-e006259-u.json;04/10/2026;22:19:52;100.0;186241;144452;41789;22.438131239;3075;3351;2.128734805;2.319801733;138026;138026;0;https://resultados.tse.jus.br/oficial/ele2026/6257/dados/rj/rj58475-c0001-e006257-u.json;05/10/2026;12:51:05;Macaé - Rio das Ostras;Macaé - Rio das Ostras - Cabo Frio
Macuco;58386;3302452;DOUGLAS RUAS;FLAVIO BOLSONARO;False;382;7.101691764000002;442;7.6062639820000015;2682;49.860568879;2300;42.758877115;263;4.889384644;75;1.39431121;2504;43.090690071;2946;50.696954053;-0.33181295600000027;-0.8363851740000001;100.0;7132;6062;1070;15.002804262;248;435;4.091059056;7.175849555;5116;5379;263;https://resultados.tse.jus.br/oficial/ele2026/6259/dados/rj/rj58386-c0003-e006259-u.json;04/10/2026;22:19:52;100.0;7132;6062;1070;15.002804262;100;151;1.649620587;2.490927087;5811;5811;0;https://resultados.tse.jus.br/oficial/ele2026/6257/dados/rj/rj58386-c0001-e006257-u.json;05/10/2026;12:51:05;Nova Friburgo;Petrópolis
Magé;58491;3302502;DOUGLAS RUAS;FLAVIO BOLSONARO;False;19106;14.282403773000006;33667;22.81271175;71368;53.350078117;52262;39.067674344;5259;3.931286582;2544;1.901729048;51814;35.109093373;85481;57.921805123;3.9585809709999964;-4.571727005999996;100.0;192848;155194;37654;19.525221936;9697;11724;6.248308569;7.554415763;128514;133773;5259;https://resultados.tse.jus.br/oficial/ele2026/6259/dados/rj/rj58491-c0003-e006259-u.json;04/10/2026;22:19:52;100.0;192902;155240;37662;19.523903329;3496;4164;2.251996908;2.682298377;147580;147580;0;https://resultados.tse.jus.br/oficial/ele2026/6257/dados/rj/rj58491-c0001-e006257-u.json;05/10/2026;12:51:05;Rio de Janeiro;Rio de Janeiro
Mangaratiba;58513;3302601;DOUGLAS RUAS;FLAVIO BOLSONARO;False;8737;28.343876724000005;9805;29.766241651;19069;61.862124899;10332;33.518248175;552;1.790754258;476;1.544201135;10613;32.2191864;20418;61.985428051;1.2990617749999984;-0.1233031519999983;100.0;46501;34080;12421;26.711253521;1441;1814;4.228286385;5.322769953;30273;30825;552;https://resultados.tse.jus.br/oficial/ele2026/6259/dados/rj/rj58513-c0003-e006259-u.json;04/10/2026;22:19:52;100.0;46501;34080;12421;26.711253521;487;653;1.42899061;1.916079812;32940;32940;0;https://resultados.tse.jus.br/oficial/ele2026/6257/dados/rj/rj58513-c0001-e006257-u.json;05/10/2026;12:51:05;Rio de Janeiro;Rio de Janeiro
Maricá;58530;3302700;DOUGLAS RUAS;FLAVIO BOLSONARO;False;11081;8.634635165000006;9221;6.639831790000002;63771;49.692204594;52690;41.057569429;5577;4.345759436;3271;2.54885765;59972;43.184469375;69193;49.824301165;-2.1268999460000018;-0.13209657099999816;100.0;185451;144378;41073;22.147629293;6788;9258;4.701547327;6.412334289;122755;128332;5577;https://resultados.tse.jus.br/oficial/ele2026/6259/dados/rj/rj58530-c0003-e006259-u.json;04/10/2026;22:19:52;100.0;185609;144516;41093;22.139551423;2414;3228;1.670403277;2.233662709;138874;138874;0;https://resultados.tse.jus.br/oficial/ele2026/6257/dados/rj/rj58530-c0001-e006257-u.json;05/10/2026;12:51:05;Rio de Janeiro;Rio de Janeiro
Mendes;58556;3302809;DOUGLAS RUAS;FLAVIO BOLSONARO;False;471;4.550724637999998;563;4.976575621000002;5044;48.734299517;4573;44.183574879;255;2.463768116;275;2.657004831;4966;43.896402369;5529;48.87297799;0.28717250999999777;-0.1386784730000059;100.0;14878;11878;3000;20.164000538;599;929;5.042936521;7.821182017;10095;10350;255;https://resultados.tse.jus.br/oficial/ele2026/6259/dados/rj/rj58556-c0003-e006259-u.json;04/10/2026;22:19:52;100.0;14878;11878;3000;20.164000538;220;345;1.852163664;2.904529382;11313;11313;0;https://resultados.tse.jus.br/oficial/ele2026/6257/dados/rj/rj58556-c0001-e006257-u.json;05/10/2026;12:51:05;Volta Redonda - Barra Mansa;Volta Redonda - Barra Mansa
Mesquita;58467;3302858;DOUGLAS RUAS;FLAVIO BOLSONARO;False;18675;19.771110358;22691;22.356325803000004;53341;56.471796392;34666;36.700686034;2901;3.07127128;2041;2.160794444;36083;35.550804457;58774;57.90713026;1.1498815770000022;-1.4353338680000007;100.0;136269;106260;30009;22.021883187;5209;6595;4.902126859;6.206474685;91555;94456;2901;https://resultados.tse.jus.br/oficial/ele2026/6259/dados/rj/rj58467-c0003-e006259-u.json;04/10/2026;22:19:52;100.0;136302;106290;30012;22.018752476;2094;2699;1.970081852;2.53927933;101497;101497;0;https://resultados.tse.jus.br/oficial/ele2026/6257/dados/rj/rj58467-c0001-e006257-u.json;05/10/2026;12:51:05;Rio de Janeiro;Rio de Janeiro
Miguel Pereira;58572;3302908;DOUGLAS RUAS;FLAVIO BOLSONARO;False;3263;19.004076879000003;3824;20.712815513000002;9457;55.07862551;6194;36.074548631;636;3.704135119;512;2.981945253;6675;36.155346116;10499;56.868161629;-0.08079748499999795;-1.7895361189999974;100.0;24781;19231;5550;22.39619063;872;1189;4.534345588;6.182725807;16534;17170;636;https://resultados.tse.jus.br/oficial/ele2026/6259/dados/rj/rj58572-c0003-e006259-u.json;04/10/2026;22:19:52;100.0;24781;19231;5550;22.39619063;307;462;1.596380843;2.402371172;18462;18462;0;https://resultados.tse.jus.br/oficial/ele2026/6257/dados/rj/rj58572-c0001-e006257-u.json;05/10/2026;12:51:05;Valença;Volta Redonda - Barra Mansa
Miracema;58599;3303005;EDUARDO PAES;LULA;False;812;5.605025195000003;529;3.2507835070000013;6360;43.901428867;7172;49.506454062;472;3.258093463;303;2.091530338;7909;48.601978738;7380;45.351195231;0.9044753240000034;-1.4497663639999985;100.0;21055;17129;3926;18.64640228;1108;1534;6.468562088;8.955572421;14015;14487;472;https://resultados.tse.jus.br/oficial/ele2026/6259/dados/rj/rj58599-c0003-e006259-u.json;04/10/2026;22:19:52;100.0;21056;17130;3926;18.645516717;338;519;1.973146527;3.029772329;16273;16273;0;https://resultados.tse.jus.br/oficial/ele2026/6257/dados/rj/rj58599-c0001-e006257-u.json;05/10/2026;12:51:05;Santo Antônio de Pádua;Campos dos Goytacazes
Natividade;58610;3303104;DOUGLAS RUAS;FLAVIO BOLSONARO;False;753;9.107402032000003;792;8.592817618999995;4011;48.51233672;3258;39.404934688;525;6.349782293;275;3.326076439;3856;41.83573831;4648;50.428555929;-2.430803622000006;-1.9162192089999976;100.0;12453;9709;2744;22.03485104;507;934;5.221959007;9.619940262;7743;8268;525;https://resultados.tse.jus.br/oficial/ele2026/6259/dados/rj/rj58610-c0003-e006259-u.json;04/10/2026;22:19:52;100.0;12453;9709;2744;22.03485104;169;323;1.740653002;3.326810176;9217;9217;0;https://resultados.tse.jus.br/oficial/ele2026/6257/dados/rj/rj58610-c0001-e006257-u.json;05/10/2026;12:51:05;Itaperuna;Campos dos Goytacazes
Nilópolis;58637;3303203;DOUGLAS RUAS;FLAVIO BOLSONARO;False;13679;15.310656682999998;18824;19.605474201999996;48285;54.044525033;34606;38.73386835;2729;3.05452022;2118;2.370638998;35389;36.858166517;54213;56.463640719;1.8757018330000008;-2.419115685999998;100.0;128605;100507;28098;21.848295167;4941;6223;4.916075497;6.191608545;86614;89343;2729;https://resultados.tse.jus.br/oficial/ele2026/6259/dados/rj/rj58637-c0003-e006259-u.json;04/10/2026;22:19:52;100.0;128648;100545;28103;21.84487905;1877;2654;1.866825799;2.639614103;96014;96014;0;https://resultados.tse.jus.br/oficial/ele2026/6257/dados/rj/rj58637-c0001-e006257-u.json;05/10/2026;12:51:05;Rio de Janeiro;Rio de Janeiro
Niterói;58653;3303302;EDUARDO PAES;LULA;False;20976;7.004023574000001;14789;4.640195786999996;127926;42.71532798;148902;49.719351554;5283;1.764028248;10342;3.453261432;154098;48.349779584;139309;43.709583797;1.3695719700000026;-0.9942558170000027;100.0;411131;330359;80772;19.646292787;12006;18868;3.634228218;5.711362487;294202;299485;5283;https://resultados.tse.jus.br/oficial/ele2026/6259/dados/rj/rj58653-c0003-e006259-u.json;04/10/2026;22:19:52;100.0;412252;331432;80820;19.604513744;5106;7611;1.540587511;2.296398658;318715;318715;0;https://resultados.tse.jus.br/oficial/ele2026/6257/dados/rj/rj58653-c0001-e006257-u.json;05/10/2026;12:51:05;Rio de Janeiro;Rio de Janeiro
Nova Friburgo;58670;3303401;DOUGLAS RUAS;FLAVIO BOLSONARO;False;18804;18.388062036;24059;21.213056359;56733;55.478085701;37929;37.090023665;2135;2.08777454;2585;2.527820696;39479;34.809021655;63538;56.022078014;2.2810020099999946;-0.543992313000004;100.0;155248;120006;35242;22.700453468;7531;10213;6.275519557;8.510407813;100127;102262;2135;https://resultados.tse.jus.br/oficial/ele2026/6259/dados/rj/rj58670-c0003-e006259-u.json;04/10/2026;22:19:52;100.0;155366;120112;35254;22.690936241;2522;4174;2.09970694;3.475089916;113416;113416;0;https://resultados.tse.jus.br/oficial/ele2026/6257/dados/rj/rj58670-c0001-e006257-u.json;05/10/2026;12:51:05;Nova Friburgo;Petrópolis
Nova Iguaçu;58696;3303500;DOUGLAS RUAS;FLAVIO BOLSONARO;False;87745;21.628156904999997;115926;25.768204855;230011;56.695127903;142266;35.066970998;15963;3.934700196;9376;2.311078684;151528;33.681870721;267454;59.450075576;1.3851002769999994;-2.7549476730000038;100.0;614733;476955;137778;22.412657202;32051;39206;6.719921167;8.220062689;389735;405698;15963;https://resultados.tse.jus.br/oficial/ele2026/6259/dados/rj/rj58696-c0003-e006259-u.json;04/10/2026;22:19:52;100.0;614931;477139;137792;22.407717289;11543;15716;2.419211173;3.293799082;449880;449880;0;https://resultados.tse.jus.br/oficial/ele2026/6257/dados/rj/rj58696-c0001-e006257-u.json;05/10/2026;12:51:05;Rio de Janeiro;Rio de Janeiro
Paracambi;58718;3303609;DOUGLAS RUAS;FLAVIO BOLSONARO;False;2427;10.649874939;3802;15.109486150000002;11712;51.393216025;9285;40.743341086;756;3.317389969;500;2.194040985;9799;38.942097524;13601;54.051583674;1.8012435620000034;-2.658367648999999;100.0;33690;26463;7227;21.451469279;1719;1955;6.495862147;7.387673355;22033;22789;756;https://resultados.tse.jus.br/oficial/ele2026/6259/dados/rj/rj58718-c0003-e006259-u.json;04/10/2026;22:19:52;100.0;33690;26463;7227;21.451469279;569;731;2.150171938;2.762347428;25163;25163;0;https://resultados.tse.jus.br/oficial/ele2026/6257/dados/rj/rj58718-c0001-e006257-u.json;05/10/2026;12:51:05;Rio de Janeiro;Rio de Janeiro
Paraty;58750;3303807;DOUGLAS RUAS;FLAVIO BOLSONARO;False;6567;27.533436752999997;7136;27.419788665;14391;60.337092784;7824;32.803656031;328;1.375204394;729;3.056475619;8622;33.129682997;15758;60.549471662;-0.3260269660000006;-0.21237887800000266;100.0;35457;26972;8485;23.930394562;1556;1565;5.768945573;5.80231351;23523;23851;328;https://resultados.tse.jus.br/oficial/ele2026/6259/dados/rj/rj58750-c0003-e006259-u.json;04/10/2026;22:19:52;100.0;35461;26975;8486;23.930515214;423;527;1.568118628;1.953660797;26025;26025;0;https://resultados.tse.jus.br/oficial/ele2026/6257/dados/rj/rj58750-c0001-e006257-u.json;05/10/2026;12:51:05;Angra dos Reis;Rio de Janeiro
Paraíba do Sul;58734;3303708;DOUGLAS RUAS;FLAVIO BOLSONARO;False;2562;11.294802275000002;3419;13.462219947000001;11805;52.043380505;9243;40.74857823;819;3.610633514;396;1.74580082;9988;39.327479624;13407;52.789699571;1.421098606000001;-0.7463190659999981;100.0;34301;26691;7610;22.185942101;1923;2085;7.204675733;7.811621895;21864;22683;819;https://resultados.tse.jus.br/oficial/ele2026/6259/dados/rj/rj58734-c0003-e006259-u.json;04/10/2026;22:19:52;100.0;34304;26694;7610;22.184001866;570;727;2.135311306;2.723458455;25397;25397;0;https://resultados.tse.jus.br/oficial/ele2026/6257/dados/rj/rj58734-c0001-e006257-u.json;05/10/2026;12:51:05;Três Rios - Paraíba do Sul;Petrópolis
Paty do Alferes;59315;3303856;DOUGLAS RUAS;FLAVIO BOLSONARO;False;6361;36.781542732000005;5793;31.381365113999998;11368;65.733780502;5007;28.95223777;441;2.550017347;251;1.451370417;5718;30.975081257;11511;62.356446371;-2.0228434869999994;3.377334131000005;100.0;24302;19033;5269;21.681343099;729;1010;3.830189671;5.306572795;16853;17294;441;https://resultados.tse.jus.br/oficial/ele2026/6259/dados/rj/rj59315-c0003-e006259-u.json;04/10/2026;22:19:52;100.0;24302;19033;5269;21.681343099;272;301;1.429096832;1.581463773;18460;18460;0;https://resultados.tse.jus.br/oficial/ele2026/6257/dados/rj/rj59315-c0001-e006257-u.json;05/10/2026;12:51:05;Valença;Volta Redonda - Barra Mansa
Petrópolis;58777;3303906;DOUGLAS RUAS;FLAVIO BOLSONARO;False;22528;14.738439798000002;38211;22.291514745;81201;53.12393688;58673;38.385497082;2574;1.683981891;4741;3.101693141;57572;33.586325584;95783;55.877840329;4.799171498;-2.753903448999999;100.0;239323;181425;57898;24.192409422;12963;15610;7.145101282;8.60410638;150278;152852;2574;https://resultados.tse.jus.br/oficial/ele2026/6259/dados/rj/rj58777-c0003-e006259-u.json;04/10/2026;22:19:52;100.0;239569;181654;57915;24.174663667;4373;5866;2.407323813;3.229215982;171415;171415;0;https://resultados.tse.jus.br/oficial/ele2026/6257/dados/rj/rj58777-c0001-e006257-u.json;05/10/2026;12:51:05;Petrópolis;Petrópolis
Pinheiral;58246;3303955;DOUGLAS RUAS;LULA;True;1038;8.072167354000001;142;0.9976113530000035;6458;50.221634653;5420;42.149467299;296;2.301889727;400;3.110661793;6639;46.641843473;6497;45.64423212;-4.492376174;4.577402533000004;100.0;18820;14774;4046;21.498405951;929;986;6.288073643;6.673886557;12563;12859;296;https://resultados.tse.jus.br/oficial/ele2026/6259/dados/rj/rj58246-c0003-e006259-u.json;04/10/2026;22:19:52;100.0;18820;14774;4046;21.498405951;251;289;1.698930554;1.956139163;14234;14234;0;https://resultados.tse.jus.br/oficial/ele2026/6257/dados/rj/rj58246-c0001-e006257-u.json;05/10/2026;12:51:05;Volta Redonda - Barra Mansa;Volta Redonda - Barra Mansa
Piraí;58793;3304003;DOUGLAS RUAS;FLAVIO BOLSONARO;False;1000;6.291682395999999;1151;6.573386637000006;7797;49.056247641;6797;42.764565245;634;3.988926639;342;2.151755379;7529;42.998286693;8680;49.57167333;-0.23372144799999717;-0.5154256890000042;100.0;23699;18342;5357;22.604329297;1073;1375;5.849961836;7.496456221;15260;15894;634;https://resultados.tse.jus.br/oficial/ele2026/6259/dados/rj/rj58793-c0003-e006259-u.json;04/10/2026;22:19:52;100.0;23699;18342;5357;22.604329297;348;484;1.89728492;2.63875259;17510;17510;0;https://resultados.tse.jus.br/oficial/ele2026/6257/dados/rj/rj58793-c0001-e006257-u.json;05/10/2026;12:51:05;Volta Redonda - Barra Mansa;Volta Redonda - Barra Mansa
Porciúncula;58815;3304102;EDUARDO PAES;LULA;False;305;3.541569902000006;253;2.5674852849999965;3597;41.76730144;3902;45.308871342;594;6.897352531;391;4.540176498;4729;47.99066369;4476;45.423178405;-2.6817923479999948;-3.6558769650000045;100.0;13292;10351;2941;22.126090882;635;1104;6.134672978;10.66563617;8018;8612;594;https://resultados.tse.jus.br/oficial/ele2026/6259/dados/rj/rj58815-c0003-e006259-u.json;04/10/2026;22:19:52;100.0;13293;10352;2941;22.12442639;164;334;1.58423493;3.226429675;9854;9854;0;https://resultados.tse.jus.br/oficial/ele2026/6257/dados/rj/rj58815-c0001-e006257-u.json;05/10/2026;12:51:05;Itaperuna;Campos dos Goytacazes
Porto Real;58327;3304110;DOUGLAS RUAS;FLAVIO BOLSONARO;False;2292;17.628057221999995;3101;21.718728113000004;7280;55.991385941;4988;38.363328719;244;1.876634364;230;1.768958622;5071;35.516178737;8172;57.23490685;2.847149982000005;-1.2435209090000043;100.0;17925;14828;3097;17.277545328;877;949;5.914486107;6.400053952;12758;13002;244;https://resultados.tse.jus.br/oficial/ele2026/6259/dados/rj/rj58327-c0003-e006259-u.json;04/10/2026;22:19:52;100.0;17925;14828;3097;17.277545328;212;338;1.429727542;2.279471271;14278;14278;0;https://resultados.tse.jus.br/oficial/ele2026/6257/dados/rj/rj58327-c0001-e006257-u.json;05/10/2026;12:51:05;Resende;Volta Redonda - Barra Mansa
Quatis;58025;3304128;DOUGLAS RUAS;FLAVIO BOLSONARO;False;1027;13.410812221999997;712;8.471148125999996;4135;53.995821363;3108;40.585009141;186;2.428832593;114;1.488639331;3560;42.355740631;4272;50.826888757;-1.7707314900000029;3.1689326059999985;100.0;10505;8746;1759;16.744407425;462;626;5.282414818;7.157557741;7472;7658;186;https://resultados.tse.jus.br/oficial/ele2026/6259/dados/rj/rj58025-c0003-e006259-u.json;04/10/2026;22:19:52;100.0;10505;8746;1759;16.744407425;157;184;1.795106334;2.103818889;8405;8405;0;https://resultados.tse.jus.br/oficial/ele2026/6257/dados/rj/rj58025-c0001-e006257-u.json;05/10/2026;12:51:05;Resende;Volta Redonda - Barra Mansa
Queimados;58122;3304144;DOUGLAS RUAS;FLAVIO BOLSONARO;False;13164;17.419149949;15119;18.259661835000003;40640;53.77653099;27476;36.357381041;4202;5.560260414;1587;2.099984121;30676;37.048309179;45795;55.307971014;-0.6909281380000039;-1.5314400240000055;100.0;104568;86922;17646;16.875143447;5152;6198;5.92715308;7.130530821;71370;75572;4202;https://resultados.tse.jus.br/oficial/ele2026/6259/dados/rj/rj58122-c0003-e006259-u.json;04/10/2026;22:19:52;100.0;104602;86949;17653;16.876350357;1876;2273;2.157586631;2.614176126;82800;82800;0;https://resultados.tse.jus.br/oficial/ele2026/6257/dados/rj/rj58122-c0001-e006257-u.json;05/10/2026;12:51:05;Rio de Janeiro;Rio de Janeiro
Quissamã;58009;3304151;DOUGLAS RUAS;FLAVIO BOLSONARO;False;664;5.054041710999996;1522;10.512501725999996;6345;48.295022073;5681;43.240980362;769;5.853250114;147;1.118891764;6028;41.635585026;7550;52.148086752;1.6053953360000008;-3.853064678999999;100.0;19085;15070;4015;21.037463977;852;1080;5.653616457;7.166556072;12369;13138;769;https://resultados.tse.jus.br/oficial/ele2026/6259/dados/rj/rj58009-c0003-e006259-u.json;04/10/2026;22:19:52;100.0;19085;15070;4015;21.037463977;282;310;1.871267419;2.057067021;14478;14478;0;https://resultados.tse.jus.br/oficial/ele2026/6257/dados/rj/rj58009-c0001-e006257-u.json;05/10/2026;12:51:05;Macaé - Rio das Ostras;Macaé - Rio das Ostras - Cabo Frio
Resende;58831;3304201;DOUGLAS RUAS;FLAVIO BOLSONARO;False;18872;28.424683324999997;20690;28.625980602;40427;60.890455319;21555;32.465771994;1105;1.664332083;1376;2.072507644;22536;31.180043444;43226;59.806024046;1.2857285500000017;1.0844312729999999;100.0;98018;75534;22484;22.938643923;4716;4425;6.243545953;5.858288982;65288;66393;1105;https://resultados.tse.jus.br/oficial/ele2026/6259/dados/rj/rj58831-c0003-e006259-u.json;04/10/2026;22:19:52;100.0;98020;75536;22484;22.938175882;1507;1752;1.995075196;2.319423851;72277;72277;0;https://resultados.tse.jus.br/oficial/ele2026/6257/dados/rj/rj58831-c0001-e006257-u.json;05/10/2026;12:51:05;Resende;Volta Redonda - Barra Mansa
Rio Bonito;58858;3304300;DOUGLAS RUAS;FLAVIO BOLSONARO;False;10504;32.502011263;10730;30.825361258;20587;63.701342905;10083;31.199331642;737;2.2804629;442;1.36765889;10836;31.129880203;21566;61.955241461;0.06945143900000161;1.7461014439999971;100.0;45410;36334;9076;19.986787051;1806;2210;4.970550999;6.082457203;31581;32318;737;https://resultados.tse.jus.br/oficial/ele2026/6259/dados/rj/rj58858-c0003-e006259-u.json;04/10/2026;22:19:52;100.0;45412;36336;9076;19.985906809;665;862;1.830140907;2.37230295;34809;34809;0;https://resultados.tse.jus.br/oficial/ele2026/6257/dados/rj/rj58858-c0001-e006257-u.json;05/10/2026;12:51:05;Rio Bonito;Rio de Janeiro
Rio Claro;58874;3304409;EDUARDO PAES;FLAVIO BOLSONARO;False;457;4.487431265000005;157;1.3726175899999973;4569;44.864493323;5026;49.351924588;252;2.474469756;145;1.423802042;5215;45.593635251;5372;46.966252841;3.758289337000001;-2.1017595180000015;100.0;14700;11979;2721;18.510204082;706;1089;5.893647216;9.090909091;9932;10184;252;https://resultados.tse.jus.br/oficial/ele2026/6259/dados/rj/rj58874-c0003-e006259-u.json;04/10/2026;22:19:52;100.0;14700;11979;2721;18.510204082;215;326;1.79480758;2.721429168;11438;11438;0;https://resultados.tse.jus.br/oficial/ele2026/6257/dados/rj/rj58874-c0001-e006257-u.json;05/10/2026;12:51:05;Volta Redonda - Barra Mansa;Volta Redonda - Barra Mansa
Rio das Flores;58890;3304508;EDUARDO PAES;LULA;False;789;13.024100363000002;1305;19.707037149;2394;39.517992737;3183;52.5420931;364;6.008583691;73;1.205018158;3781;57.097553609;2476;37.39051646;-4.5554605089999995;2.1274762769999995;100.0;8711;6898;1813;20.812765469;307;533;4.450565381;7.726877356;5694;6058;364;https://resultados.tse.jus.br/oficial/ele2026/6259/dados/rj/rj58890-c0003-e006259-u.json;04/10/2026;22:19:52;100.0;8711;6898;1813;20.812765469;104;172;1.507683386;2.49347637;6622;6622;0;https://resultados.tse.jus.br/oficial/ele2026/6257/dados/rj/rj58890-c0001-e006257-u.json;05/10/2026;12:51:05;Valença;Volta Redonda - Barra Mansa
Rio das Ostras;58203;3304524;DOUGLAS RUAS;FLAVIO BOLSONARO;False;21547;29.188566784000002;22936;28.754466245;44457;60.223516662;22910;31.034949878;2300;3.115686806;2184;2.958547819;25447;31.902463486;48383;60.656929731;-0.8675136079999994;-0.43341306899999665;100.0;107503;82728;24775;23.045868487;4045;4863;4.889517455;5.878299971;71520;73820;2300;https://resultados.tse.jus.br/oficial/ele2026/6259/dados/rj/rj58203-c0003-e006259-u.json;04/10/2026;22:19:52;100.0;107737;82940;24797;23.016233977;1232;1943;1.485411141;2.342657343;79765;79765;0;https://resultados.tse.jus.br/oficial/ele2026/6257/dados/rj/rj58203-c0001-e006257-u.json;05/10/2026;12:51:05;Macaé - Rio das Ostras;Macaé - Rio das Ostras - Cabo Frio
Rio de Janeiro;60011;3304557;EDUARDO PAES;FLAVIO BOLSONARO;False;410961;12.471155818999996;137837;3.9701037530000036;1319722;40.04871192;1730683;52.519867739;60118;1.82436033;113155;3.433838337;1524517;43.910493296;1662354;47.880597049;8.609374443;-7.831885129;100.0;4942710;3649724;1292986;26.159455036;135047;219385;3.700197604;6.011002476;3235174;3295292;60118;https://resultados.tse.jus.br/oficial/ele2026/6259/dados/rj/rj60011-c0003-e006259-u.json;04/10/2026;22:19:52;100.0;4952612;3658898;1293714;26.121852469;73440;113584;2.007161719;3.104322668;3471874;3471874;0;https://resultados.tse.jus.br/oficial/ele2026/6257/dados/rj/rj60011-c0001-e006257-u.json;05/10/2026;12:51:05;Rio de Janeiro;Rio de Janeiro
Santa Maria Madalena;58912;3304607;DOUGLAS RUAS;FLAVIO BOLSONARO;False;44;0.7224958950000016;430;6.492526046000002;2723;44.712643678;2679;43.990147783;540;8.866995074;68;1.116584565;2847;42.986561981;3277;49.479088027;1.0035858019999964;-4.766444349000004;100.0;8846;7002;1844;20.845579923;279;633;3.984575835;9.040274207;5550;6090;540;https://resultados.tse.jus.br/oficial/ele2026/6259/dados/rj/rj58912-c0003-e006259-u.json;04/10/2026;22:19:52;100.0;8846;7002;1844;20.845579923;127;252;1.813767495;3.598971722;6623;6623;0;https://resultados.tse.jus.br/oficial/ele2026/6257/dados/rj/rj58912-c0001-e006257-u.json;05/10/2026;12:51:05;Nova Friburgo;Petrópolis
Santo Antônio de Pádua;58939;3304706;DOUGLAS RUAS;FLAVIO BOLSONARO;False;4471;19.878178907999995;6478;26.238405768;12828;57.033611951;8357;37.155433043;746;3.316734839;251;1.115952339;8371;33.905788003;14849;60.144193771;3.2496450400000043;-3.11058182;100.0;33702;25788;7914;23.482285918;1319;1977;5.114782069;7.666356445;21746;22492;746;https://resultados.tse.jus.br/oficial/ele2026/6259/dados/rj/rj58939-c0003-e006259-u.json;04/10/2026;22:19:52;100.0;33702;25788;7914;23.482285918;417;682;1.617031177;2.644640918;24689;24689;0;https://resultados.tse.jus.br/oficial/ele2026/6257/dados/rj/rj58939-c0001-e006257-u.json;05/10/2026;12:51:05;Santo Antônio de Pádua;Campos dos Goytacazes
Sapucaia;59072;3305406;DOUGLAS RUAS;FLAVIO BOLSONARO;False;1717;15.979525361;2319;19.288031272999994;6001;55.849232201;4284;39.86970684;148;1.37738483;132;1.228478362;4495;37.386675539;6814;56.674706812;2.483031300999997;-0.8254746109999971;100.0;15785;12568;3217;20.380107697;749;1074;5.959579885;8.545512412;10597;10745;148;https://resultados.tse.jus.br/oficial/ele2026/6259/dados/rj/rj59072-c0003-e006259-u.json;04/10/2026;22:19:52;100.0;15786;12569;3217;20.378816673;229;317;1.821942875;2.522078129;12023;12023;0;https://resultados.tse.jus.br/oficial/ele2026/6257/dados/rj/rj59072-c0001-e006257-u.json;05/10/2026;12:51:05;Três Rios - Paraíba do Sul;Petrópolis
Saquarema;59099;3305505;DOUGLAS RUAS;FLAVIO BOLSONARO;False;25121;39.228270714000004;23887;34.79685929499999;42718;66.70726756;17597;27.478996846;1479;2.309566195;1176;1.836409632;20288;29.55409559;44175;64.350954885;-2.075098743999998;2.3563126750000123;100.0;92058;71980;20078;21.810163158;3443;4499;4.783273131;6.250347319;62559;64038;1479;https://resultados.tse.jus.br/oficial/ele2026/6259/dados/rj/rj59099-c0003-e006259-u.json;04/10/2026;22:19:52;100.0;92059;71981;20078;21.809926243;1341;1993;1.862991623;2.768786207;68647;68647;0;https://resultados.tse.jus.br/oficial/ele2026/6257/dados/rj/rj59099-c0001-e006257-u.json;05/10/2026;12:51:05;Rio de Janeiro;Rio de Janeiro
Seropédica;58424;3305554;DOUGLAS RUAS;FLAVIO BOLSONARO;False;5951;14.320090477999997;10799;23.860447646000004;22124;53.237721683;16173;38.917631205;1370;3.296676853;1243;2.991072503;15730;34.755518239;26529;58.615965885;4.162112966000002;-5.378244202000005;100.0;60965;47439;13526;22.186500451;2691;3191;5.672547904;6.726533021;40187;41557;1370;https://resultados.tse.jus.br/oficial/ele2026/6259/dados/rj/rj58424-c0003-e006259-u.json;04/10/2026;22:19:52;100.0;60965;47439;13526;22.186500451;988;1192;2.082674593;2.512700521;45259;45259;0;https://resultados.tse.jus.br/oficial/ele2026/6257/dados/rj/rj58424-c0001-e006257-u.json;05/10/2026;12:51:05;Rio de Janeiro;Rio de Janeiro
Silva Jardim;59110;3305604;DOUGLAS RUAS;FLAVIO BOLSONARO;False;3943;29.778717619;4482;31.388752714;8160;61.62676535;4217;31.848047731;592;4.470961408;104;0.785439166;4450;31.164647384;8932;62.553400098;0.6834003470000027;-0.9266347479999979;100.0;18674;14909;3765;20.161722181;668;1000;4.480515125;6.707357972;12649;13241;592;https://resultados.tse.jus.br/oficial/ele2026/6259/dados/rj/rj59110-c0003-e006259-u.json;04/10/2026;22:19:52;100.0;18674;14909;3765;20.161722181;249;381;1.670132135;2.555503387;14279;14279;0;https://resultados.tse.jus.br/oficial/ele2026/6257/dados/rj/rj59110-c0001-e006257-u.json;05/10/2026;12:51:05;Rio Bonito;Rio de Janeiro
Sumidouro;59137;3305703;DOUGLAS RUAS;FLAVIO BOLSONARO;False;3676;35.291858679;4021;35.396126761;6813;65.408986175;3137;30.117127496;287;2.755376344;69;0.662442396;3345;29.445422535;7366;64.841549296;0.6717049609999997;0.5674368789999988;100.0;14193;11828;2365;16.663143803;633;779;5.351707812;6.58606696;10129;10416;287;https://resultados.tse.jus.br/oficial/ele2026/6259/dados/rj/rj59137-c0003-e006259-u.json;04/10/2026;22:19:52;100.0;14193;11828;2365;16.663143803;229;239;1.936083869;2.020629016;11360;11360;0;https://resultados.tse.jus.br/oficial/ele2026/6257/dados/rj/rj59137-c0001-e006257-u.json;05/10/2026;12:51:05;Nova Friburgo;Petrópolis
São Fidélis;58955;3304805;DOUGLAS RUAS;FLAVIO BOLSONARO;False;7079;32.864438254999996;7019;30.781037582999996;12369;57.423398329;5290;24.558960074;3398;15.775301764;227;1.053853296;7229;31.701969039;14248;62.483006622;-7.143008965;-5.059608292999997;100.0;30178;23697;6481;21.475909603;934;1223;3.941427185;5.160990843;18142;21540;3398;https://resultados.tse.jus.br/oficial/ele2026/6259/dados/rj/rj58955-c0003-e006259-u.json;04/10/2026;22:19:52;100.0;30178;23697;6481;21.475909603;354;540;1.493859982;2.278769464;22803;22803;0;https://resultados.tse.jus.br/oficial/ele2026/6257/dados/rj/rj58955-c0001-e006257-u.json;05/10/2026;12:51:05;Campos dos Goytacazes;Campos dos Goytacazes
São Francisco de Itabapoana;58289;3304755;DOUGLAS RUAS;FLAVIO BOLSONARO;False;4735;18.414809629000004;10882;38.425141243;13864;53.918251468;9129;35.503441839;2229;8.668766772;225;0.875043752;8000;28.248587571;18882;66.673728814;7.254854267999995;-12.755477346;100.0;39903;29551;10352;25.942911561;1936;1902;6.55138574;6.436330412;23484;25713;2229;https://resultados.tse.jus.br/oficial/ele2026/6259/dados/rj/rj58289-c0003-e006259-u.json;04/10/2026;22:19:52;100.0;39905;29553;10352;25.941611327;571;662;1.93212195;2.240043312;28320;28320;0;https://resultados.tse.jus.br/oficial/ele2026/6257/dados/rj/rj58289-c0001-e006257-u.json;05/10/2026;12:51:05;Campos dos Goytacazes;Campos dos Goytacazes
São Gonçalo;58971;3304904;DOUGLAS RUAS;FLAVIO BOLSONARO;False;114731;26.028848597;56545;11.963347239999997;264410;59.986297143;149679;33.957448546;10520;2.386656503;9592;2.176122545;190984;40.40689556;247529;52.3702428;-6.449447014;7.616054343000002;100.0;652951;499722;153229;23.46715144;23210;35728;4.644582388;7.149575164;430264;440784;10520;https://resultados.tse.jus.br/oficial/ele2026/6259/dados/rj/rj58971-c0003-e006259-u.json;04/10/2026;22:19:52;100.0;653184;499941;153243;23.460923721;10938;16351;2.187858167;3.270585929;472652;472652;0;https://resultados.tse.jus.br/oficial/ele2026/6257/dados/rj/rj58971-c0001-e006257-u.json;05/10/2026;12:51:05;Rio de Janeiro;Rio de Janeiro
São José de Ubá;58343;3305133;DOUGLAS RUAS;FLAVIO BOLSONARO;False;2123;38.488034807999995;1816;31.005634284000003;3616;65.554749819;1493;27.066715011;319;5.783176215;28;0.507614213;1881;32.115417449;3697;63.121051733;-5.048702437999999;2.4336980859999926;100.0;7636;6085;1551;20.311681509;203;366;3.336072309;6.014790468;5197;5516;319;https://resultados.tse.jus.br/oficial/ele2026/6259/dados/rj/rj58343-c0003-e006259-u.json;04/10/2026;22:19:52;100.0;7636;6085;1551;20.311681509;77;151;1.265406738;2.481511915;5857;5857;0;https://resultados.tse.jus.br/oficial/ele2026/6257/dados/rj/rj58343-c0001-e006257-u.json;05/10/2026;12:51:05;Itaperuna;Campos dos Goytacazes
São José do Vale do Rio Preto;59331;3305158;DOUGLAS RUAS;FLAVIO BOLSONARO;False;5282;45.799011532;6905;55.50643086800001;8173;70.866210006;2891;25.067198474;86;0.745686292;122;1.057834041;2314;18.601286174;9219;74.107717042;6.465912300000003;-3.2415070360000016;100.0;16230;12969;3261;20.092421442;680;756;5.243272419;5.829285219;11447;11533;86;https://resultados.tse.jus.br/oficial/ele2026/6259/dados/rj/rj59331-c0003-e006259-u.json;04/10/2026;22:19:52;100.0;16230;12969;3261;20.092421442;260;269;2.004780631;2.074176883;12440;12440;0;https://resultados.tse.jus.br/oficial/ele2026/6257/dados/rj/rj59331-c0001-e006257-u.json;05/10/2026;12:51:05;Petrópolis;Petrópolis
São João da Barra;58998;3305000;DOUGLAS RUAS;FLAVIO BOLSONARO;False;4625;15.437764944999998;9130;27.664990000000003;15562;51.944323909;10937;36.506558964;2534;8.458226243;403;1.345171735;10656;32.288952185;19786;59.953942185;4.2176067790000005;-8.009618276000005;100.0;43094;34890;8204;19.03745301;2280;2651;6.534823732;7.598165664;27425;29959;2534;https://resultados.tse.jus.br/oficial/ele2026/6259/dados/rj/rj58998-c0003-e006259-u.json;04/10/2026;22:19:52;100.0;43094;34890;8204;19.03745301;851;1037;2.439094296;2.972198338;33002;33002;0;https://resultados.tse.jus.br/oficial/ele2026/6257/dados/rj/rj58998-c0001-e006257-u.json;05/10/2026;12:51:05;Campos dos Goytacazes;Campos dos Goytacazes
São João de Meriti;59013;3305109;DOUGLAS RUAS;FLAVIO BOLSONARO;False;38229;16.297966857999995;51546;19.729695592000006;127655;54.422479249;89426;38.124512391;8181;3.48776235;5248;2.237352012;96017;36.751371234;147563;56.481066826;1.3731411570000063;-2.0585875770000044;100.0;340086;276721;63365;18.632051893;18274;23884;6.603763357;8.631076066;226382;234563;8181;https://resultados.tse.jus.br/oficial/ele2026/6259/dados/rj/rj59013-c0003-e006259-u.json;04/10/2026;22:19:52;100.0;340128;276761;63367;18.630339166;6306;9194;2.278500222;3.321999848;261261;261261;0;https://resultados.tse.jus.br/oficial/ele2026/6257/dados/rj/rj59013-c0001-e006257-u.json;05/10/2026;12:51:05;Rio de Janeiro;Rio de Janeiro
São Pedro da Aldeia;59030;3305208;DOUGLAS RUAS;FLAVIO BOLSONARO;False;23547;44.801080690999996;23885;42.426018686000006;35774;68.064460892;12227;23.263380201;2763;5.256949333;809;1.539222588;14421;25.615474795;38306;68.041493481;-2.3520945940000004;0.02296741099999622;100.0;74910;58500;16410;21.906287545;2920;3021;4.991452991;5.164102564;49796;52559;2763;https://resultados.tse.jus.br/oficial/ele2026/6259/dados/rj/rj59030-c0003-e006259-u.json;04/10/2026;22:19:52;100.0;74913;58503;16410;21.905410276;993;1212;1.697348854;2.071688631;56298;56298;0;https://resultados.tse.jus.br/oficial/ele2026/6257/dados/rj/rj59030-c0001-e006257-u.json;05/10/2026;12:51:05;Cabo Frio;Macaé - Rio das Ostras - Cabo Frio
São Sebastião do Alto;59056;3305307;DOUGLAS RUAS;FLAVIO BOLSONARO;False;548;10.267940789999997;1067;18.650585562000003;2791;52.295296983;2243;42.027356193;178;3.335207045;60;1.124227094;2181;38.122705821;3248;56.773291383;3.904650372000006;-4.4779944;100.0;7793;6027;1766;22.661362761;189;501;3.135888502;8.31259333;5159;5337;178;https://resultados.tse.jus.br/oficial/ele2026/6259/dados/rj/rj59056-c0003-e006259-u.json;04/10/2026;22:19:52;100.0;7793;6027;1766;22.661362761;96;210;1.592832255;3.484320557;5721;5721;0;https://resultados.tse.jus.br/oficial/ele2026/6257/dados/rj/rj59056-c0001-e006257-u.json;05/10/2026;12:51:05;Nova Friburgo;Petrópolis
Tanguá;58360;3305752;DOUGLAS RUAS;FLAVIO BOLSONARO;False;5675;30.307076101;3980;19.565431127000004;11554;61.703604806;5879;31.396528705;779;4.160213618;244;1.303070761;7530;37.017009144;11510;56.582440271;-5.620480438999998;5.121164534999998;100.0;26468;21225;5243;19.808825752;1141;1359;5.37573616;6.402826855;17946;18725;779;https://resultados.tse.jus.br/oficial/ele2026/6259/dados/rj/rj58360-c0003-e006259-u.json;04/10/2026;22:19:52;100.0;26468;21225;5243;19.808825752;438;445;2.06360424;2.096584217;20342;20342;0;https://resultados.tse.jus.br/oficial/ele2026/6257/dados/rj/rj58360-c0001-e006257-u.json;05/10/2026;12:51:05;Rio de Janeiro;Rio de Janeiro
Teresópolis;59153;3305802;DOUGLAS RUAS;FLAVIO BOLSONARO;False;28445;32.20857159;33472;34.13246316199999;55419;62.751514465;26974;30.542942875;1271;1.439166619;2125;2.406159769;28112;28.666700658;61584;62.79916382;1.8762422170000015;-0.04764935499999723;100.0;133592;103188;30404;22.758847835;6988;7885;6.772105284;7.64139241;87044;88315;1271;https://resultados.tse.jus.br/oficial/ele2026/6259/dados/rj/rj59153-c0003-e006259-u.json;04/10/2026;22:19:52;100.0;133712;103299;30413;22.745153763;2213;3021;2.142324708;2.924520082;98065;98065;0;https://resultados.tse.jus.br/oficial/ele2026/6257/dados/rj/rj59153-c0001-e006257-u.json;05/10/2026;12:51:05;Petrópolis;Petrópolis
Trajano de Moraes;59170;3305901;DOUGLAS RUAS;FLAVIO BOLSONARO;False;838;13.026581688;439;6.1744022509999965;3363;52.277320068;2525;39.25073838;421;6.544380538;70;1.088139282;3122;43.909985935;3561;50.084388186;-4.659247555;2.1929318820000034;100.0;9269;7465;1804;19.462725213;296;736;3.965170797;9.859343603;6012;6433;421;https://resultados.tse.jus.br/oficial/ele2026/6259/dados/rj/rj59170-c0003-e006259-u.json;04/10/2026;22:19:52;100.0;9269;7465;1804;19.462725213;104;251;1.393168118;3.362357669;7110;7110;0;https://resultados.tse.jus.br/oficial/ele2026/6257/dados/rj/rj59170-c0001-e006257-u.json;05/10/2026;12:51:05;Nova Friburgo;Petrópolis
Três Rios;59196;3306008;EDUARDO PAES;FLAVIO BOLSONARO;False;457;1.1264481139999987;388;0.8357926019999979;18416;45.393147646;18873;46.51959576;1272;3.135321666;928;2.287404486;20997;45.229735261;21385;46.065527863;1.2898604989999995;-0.6723802169999971;100.0;62478;48888;13590;21.751656583;4208;4110;8.607429226;8.406971036;39298;40570;1272;https://resultados.tse.jus.br/oficial/ele2026/6259/dados/rj/rj59196-c0003-e006259-u.json;04/10/2026;22:19:52;100.0;62480;48890;13590;21.750960307;1232;1235;2.519942729;2.526078953;46423;46423;0;https://resultados.tse.jus.br/oficial/ele2026/6257/dados/rj/rj59196-c0001-e006257-u.json;05/10/2026;12:51:05;Três Rios - Paraíba do Sul;Petrópolis
Valença;59218;3306107;EDUARDO PAES;LULA;False;5662;16.082485940000005;4256;10.671213299000001;13472;38.266204624;19134;54.348690564;782;2.221212293;1136;3.226722718;20463;51.307574656;16207;40.636361357;3.041115908000002;-2.3701567330000017;100.0;56821;41924;14897;26.217419616;2919;3799;6.962598989;9.06163534;34424;35206;782;https://resultados.tse.jus.br/oficial/ele2026/6259/dados/rj/rj59218-c0003-e006259-u.json;04/10/2026;22:19:52;100.0;56821;41924;14897;26.217419616;889;1152;2.120503769;2.747829406;39883;39883;0;https://resultados.tse.jus.br/oficial/ele2026/6257/dados/rj/rj59218-c0001-e006257-u.json;05/10/2026;12:51:05;Valença;Volta Redonda - Barra Mansa
Varre-Sai;58084;3306156;DOUGLAS RUAS;FLAVIO BOLSONARO;False;2012;33.016081392000004;2117;31.428147268000004;3941;64.670167378;1929;31.654085986;118;1.936330817;41;0.672792911;2102;31.205463183;4219;62.633610451;0.44862280299999924;2.0365569269999995;100.0;8788;7061;1727;19.651797906;357;610;5.055941085;8.639002974;5976;6094;118;https://resultados.tse.jus.br/oficial/ele2026/6259/dados/rj/rj58084-c0003-e006259-u.json;04/10/2026;22:19:52;100.0;8788;7061;1727;19.651797906;123;202;1.741962895;2.860784591;6736;6736;0;https://resultados.tse.jus.br/oficial/ele2026/6257/dados/rj/rj58084-c0001-e006257-u.json;05/10/2026;12:51:05;Itaperuna;Campos dos Goytacazes
Vassouras;59234;3306206;DOUGLAS RUAS;FLAVIO BOLSONARO;False;2479;12.669937646999998;1796;8.112014453;10157;51.911479096;7678;39.241541449;821;4.19605438;469;2.397015231;9316;42.077687444;11112;50.189701897;-2.8361459949999954;1.7217771990000017;100.0;29259;23203;6056;20.697904918;1749;1888;7.537818386;8.136878852;18745;19566;821;https://resultados.tse.jus.br/oficial/ele2026/6259/dados/rj/rj59234-c0003-e006259-u.json;04/10/2026;22:19:52;100.0;29259;23203;6056;20.697904918;497;566;2.141964401;2.439339741;22140;22140;0;https://resultados.tse.jus.br/oficial/ele2026/6257/dados/rj/rj59234-c0001-e006257-u.json;05/10/2026;12:51:05;Valença;Volta Redonda - Barra Mansa
Volta Redonda;59250;3306305;DOUGLAS RUAS;FLAVIO BOLSONARO;False;15844;10.645345516999996;13203;8.003855526999999;75422;50.674908456;59578;40.029562939;4233;2.844089092;5252;3.52873988;69383;42.061009469;82586;50.064864996;-2.0314465299999966;0.61004346;100.0;221697;172176;49521;22.337244076;11151;12190;6.476512406;7.079964687;144602;148835;4233;https://resultados.tse.jus.br/oficial/ele2026/6259/dados/rj/rj59250-c0003-e006259-u.json;04/10/2026;22:19:52;100.0;221957;172409;49548;22.32324279;3284;4167;1.904772953;2.416927191;164958;164958;0;https://resultados.tse.jus.br/oficial/ele2026/6257/dados/rj/rj59250-c0001-e006257-u.json;05/10/2026;12:51:05;Volta Redonda - Barra Mansa;Volta Redonda - Barra Mansa
